{
    "loss": 0.15791505575180054,
    "accuracy": 0.970588207244873
}