{
    "loss": 2.3471484184265137,
    "accuracy": 0.656862735748291
}